日期,期限品种,掉期点_Pips
2025-09-05,1Y,-1551.51
2025-09-04,1Y,-1579.25
2025-09-03,1Y,-1607
2025-09-02,1Y,-1593.5
2025-09-01,1Y,-1592.5
2025-08-29,1Y,-1585
2025-08-28,1Y,-1612
2025-08-27,1Y,-1624
2025-08-26,1Y,-1630.5
2025-08-25,1Y,-1623
2025-08-22,1Y,-1690.01
2025-08-21,1Y,-1671
2025-08-20,1Y,-1685.5
2025-08-19,1Y,-1694.5
2025-08-18,1Y,-1675
2025-08-15,1Y,-1688
2025-08-14,1Y,-1678
2025-08-13,1Y,-1713.66
2025-08-12,1Y,-1743.51
2025-08-11,1Y,-1740
2025-08-08,1Y,-1742
2025-08-07,1Y,-1735.75
2025-08-06,1Y,-1750.01
2025-08-05,1Y,-1732.5
2025-08-04,1Y,-1740
2025-08-01,1Y,-1880
2025-07-31,1Y,-1815
2025-07-30,1Y,-1762.5
2025-07-29,1Y,-1767.5
2025-07-28,1Y,-1787.01
2025-07-25,1Y,-1760
2025-07-24,1Y,-1762.5
2025-07-23,1Y,-1785.75
2025-07-22,1Y,-1792.5
2025-07-21,1Y,-1784.5
2025-07-18,1Y,-1788
2025-07-17,1Y,-1769.76
2025-07-16,1Y,-1794
2025-07-15,1Y,-1773.75
2025-07-14,1Y,-1784.5
2025-07-11,1Y,-1841.5
2025-07-10,1Y,-1875.5
2025-07-09,1Y,-1878.5
2025-07-08,1Y,-1879
2025-07-07,1Y,-1894
2025-07-04,1Y,-1915.5
2025-07-03,1Y,-1888.5
2025-07-02,1Y,-1910.5
2025-07-01,1Y,-1850.5
2025-06-30,1Y,-1865.5
2025-06-27,1Y,-1883.5
2025-06-26,1Y,-1870.5
2025-06-25,1Y,-1928
2025-06-24,1Y,-1942
2025-06-23,1Y,-1989.25
2025-06-20,1Y,-1993.5
2025-06-19,1Y,-1993
2025-06-18,1Y,-2012
2025-06-17,1Y,-2024
2025-06-16,1Y,-2076
2025-06-13,1Y,-2037
2025-06-12,1Y,-2043.26
2025-06-11,1Y,-2077
2025-06-10,1Y,-2068.5
2025-06-09,1Y,-2074.75
2025-06-06,1Y,-2043.02
2025-06-05,1Y,-2020.5
2025-06-04,1Y,-2066
2025-06-03,1Y,-2063.5
2025-05-30,1Y,-2058.51
2025-05-29,1Y,-2051.5
2025-05-28,1Y,-2048
2025-05-26,1Y,-2030
2025-05-23,1Y,-2044.5
2025-05-22,1Y,-2033
2025-05-21,1Y,-2042.5
2025-05-20,1Y,-2049.5
2025-05-19,1Y,-2069
2025-05-16,1Y,-2070
2025-05-15,1Y,-2142.5
2025-05-14,1Y,-2162
2025-05-13,1Y,-2147.5
2025-05-12,1Y,-2121
2025-05-09,1Y,-2096
2025-05-08,1Y,-2089.75
2025-05-07,1Y,-2057
2025-05-06,1Y,-2014
2025-04-30,1Y,-1954
2025-04-29,1Y,-1942
2025-04-28,1Y,-1976
2025-04-25,1Y,-2019.5
2025-04-24,1Y,-2042.5
2025-04-23,1Y,-2064.5
2025-04-22,1Y,-2071.25
2025-04-21,1Y,-2064.45
2025-04-18,1Y,-2101
2025-04-17,1Y,-2123.5
2025-04-16,1Y,-2136
2025-04-15,1Y,-2141.5
2025-04-14,1Y,-2166
2025-04-11,1Y,-2114
2025-04-10,1Y,-2143
2025-04-09,1Y,-2129.5
2025-04-08,1Y,-2086.5
2025-04-07,1Y,-1987.5
2025-04-03,1Y,-2051.5
2025-04-02,1Y,-2006.11
2025-04-01,1Y,-1974.5
2025-03-31,1Y,-1953
2025-03-28,1Y,-1992
2025-03-27,1Y,-1990
2025-03-26,1Y,-2017.5
2025-03-25,1Y,-2025
2025-03-24,1Y,-1997.55
2025-03-21,1Y,-1973.55
2025-03-20,1Y,-1978.5
2025-03-19,1Y,-2030.5
2025-03-18,1Y,-2023.5
2025-03-17,1Y,-2007.5
2025-03-14,1Y,-1997
2025-03-13,1Y,-2018
2025-03-12,1Y,-1997
2025-03-11,1Y,-1930
2025-03-10,1Y,-1986.25
2025-03-07,1Y,-1956
2025-03-06,1Y,-2013.5
2025-03-05,1Y,-2002
2025-03-04,1Y,-2012.5
2025-03-03,1Y,-2057.5
2025-02-28,1Y,-2016
2025-02-27,1Y,-2037
2025-02-26,1Y,-2038.5
2025-02-25,1Y,-2075.5
2025-02-24,1Y,-2051
2025-02-21,1Y,-2089.75
2025-02-20,1Y,-2097.5
2025-02-19,1Y,-2196.5
2025-02-18,1Y,-2198
2025-02-17,1Y,-2223.25
2025-02-14,1Y,-2245.5
2025-02-13,1Y,-2284.5
2025-02-12,1Y,-2313.5
2025-02-11,1Y,-2277
2025-02-10,1Y,-2293.5
2025-02-07,1Y,-2292
2025-02-06,1Y,-2300.5
2025-02-05,1Y,-2288.5
2025-01-27,1Y,-2272.75
2025-01-24,1Y,-2238.5
2025-01-23,1Y,-2276.5
2025-01-22,1Y,-2290
2025-01-21,1Y,-2278.5
2025-01-20,1Y,-2315.5
2025-01-17,1Y,-2297
2025-01-16,1Y,-2276
2025-01-15,1Y,-2315
2025-01-14,1Y,-2292
2025-01-13,1Y,-2302.5
2025-01-10,1Y,-2326
2025-01-09,1Y,-2315
2025-01-08,1Y,-2376.5
2025-01-07,1Y,-2299.5
2025-01-06,1Y,-2318
2025-01-03,1Y,-2348
2025-01-02,1Y,-2406
2024-12-31,1Y,-2501
2024-12-30,1Y,-2501.5
2024-12-27,1Y,-2519
2024-12-26,1Y,-2567.5
2024-12-25,1Y,-2574.5
2024-12-24,1Y,-2518
2024-12-23,1Y,-2478.75
2024-12-20,1Y,-2464.5
2024-12-19,1Y,-2473.5
2024-12-18,1Y,-2427.5
2024-12-17,1Y,-2465.5
2024-12-16,1Y,-2468
2024-12-13,1Y,-2400
2024-12-12,1Y,-2332
2024-12-11,1Y,-2327
2024-12-10,1Y,-2275.5
2024-12-09,1Y,-2258.51
2024-12-06,1Y,-2260.5
2024-12-05,1Y,-2262
2024-12-04,1Y,-2293.5
2024-12-03,1Y,-2276
2024-12-02,1Y,-2263.5
2024-11-29,1Y,-2192.5
2024-11-28,1Y,-2208
2024-11-27,1Y,-2228
2024-11-26,1Y,-2264.93
2024-11-25,1Y,-2267.5
2024-11-22,1Y,-2254.5
2024-11-21,1Y,-2261.75
2024-11-20,1Y,-2243.5
2024-11-19,1Y,-2198.5
2024-11-18,1Y,-2217.5
2024-11-15,1Y,-2202.5
2024-11-14,1Y,-2233
2024-11-13,1Y,-2280.51
2024-11-12,1Y,-2258
2024-11-11,1Y,-2201.5
2024-11-08,1Y,-2134.5
2024-11-07,1Y,-2167.5
2024-11-06,1Y,-2195
2024-11-05,1Y,-2150.5
2024-11-04,1Y,-2120.55
2024-11-01,1Y,-2151.5
2024-10-31,1Y,-2133
2024-10-30,1Y,-2116.5
2024-10-29,1Y,-2212.5
2024-10-28,1Y,-2220
2024-10-25,1Y,-2141.75
2024-10-24,1Y,-2120.5
2024-10-23,1Y,-2206
2024-10-22,1Y,-2141.5
2024-10-21,1Y,-1997.5
2024-10-18,1Y,-1975.01
2024-10-17,1Y,-1968.5
2024-10-16,1Y,-1904
2024-10-15,1Y,-1810.72
2024-10-14,1Y,-1779.5
2024-10-11,1Y,-1821.5
2024-10-10,1Y,-1867.5
2024-10-09,1Y,-1858
2024-10-08,1Y,-1889
2024-09-30,1Y,-1714
2024-09-27,1Y,-1742.5
2024-09-26,1Y,-1784.5
2024-09-25,1Y,-1840
2024-09-24,1Y,-1910.5
2024-09-23,1Y,-1871
2024-09-20,1Y,-1851.5
2024-09-19,1Y,-1922.5
2024-09-18,1Y,-2043
2024-09-13,1Y,-2031.5
2024-09-12,1Y,-2120
2024-09-11,1Y,-2085
2024-09-10,1Y,-2180
2024-09-09,1Y,-2176.5
2024-09-06,1Y,-2126.5
2024-09-05,1Y,-2167
2024-09-04,1Y,-2177.5
2024-09-03,1Y,-2207
2024-09-02,1Y,-2090.5
2024-08-30,1Y,-2031
2024-08-29,1Y,-2096.5
2024-08-28,1Y,-2155
2024-08-27,1Y,-2187
2024-08-26,1Y,-2160.5
2024-08-23,1Y,-2241.44
2024-08-22,1Y,-2256.25
2024-08-21,1Y,-2321.5
2024-08-20,1Y,-2326.5
2024-08-19,1Y,-2308.25
2024-08-16,1Y,-2397.5
2024-08-15,1Y,-2357.5
2024-08-14,1Y,-2372
2024-08-13,1Y,-2408.5
2024-08-12,1Y,-2399.5
2024-08-09,1Y,-2439
2024-08-08,1Y,-2478
2024-08-07,1Y,-2613
2024-08-06,1Y,-2557.5
2024-08-05,1Y,-2533.5
2024-08-02,1Y,-2763.5
2024-08-01,1Y,-2852
2024-07-31,1Y,-2866.5
2024-07-30,1Y,-2888
2024-07-29,1Y,-2891
2024-07-26,1Y,-2911.5
2024-07-25,1Y,-2876
2024-07-24,1Y,-2934.5
2024-07-23,1Y,-2942.75
2024-07-22,1Y,-2940.75
2024-07-19,1Y,-2890.5
2024-07-18,1Y,-2865
2024-07-17,1Y,-2898
2024-07-16,1Y,-2914.5
2024-07-15,1Y,-2898
2024-07-12,1Y,-2893
2024-07-11,1Y,-2932
2024-07-10,1Y,-2958.4
2024-07-09,1Y,-2936.25
2024-07-08,1Y,-2926.5
2024-07-05,1Y,-2930.5
2024-07-04,1Y,-2953
2024-07-03,1Y,-2986.5
2024-07-02,1Y,-2985.5
2024-07-01,1Y,-2950
2024-06-28,1Y,-2960.75
2024-06-27,1Y,-2964
2024-06-26,1Y,-2968
2024-06-25,1Y,-2958
2024-06-24,1Y,-2965
2024-06-21,1Y,-2932.5
2024-06-20,1Y,-2944
2024-06-19,1Y,-2950
2024-06-18,1Y,-2934.25
2024-06-17,1Y,-2935
2024-06-14,1Y,-2907.5
2024-06-13,1Y,-2897.5
2024-06-12,1Y,-2922
2024-06-11,1Y,-2928.5
2024-06-07,1Y,-2884.5
2024-06-06,1Y,-2890.5
2024-06-05,1Y,-2913.5
2024-06-04,1Y,-2895
2024-06-03,1Y,-2929.5
2024-05-31,1Y,-2906.5
2024-05-30,1Y,-2907
2024-05-29,1Y,-2918.5
2024-05-28,1Y,-2904
2024-05-27,1Y,-2901.5
2024-05-24,1Y,-2897
2024-05-23,1Y,-2909.5
2024-05-22,1Y,-2918
2024-05-21,1Y,-2882
2024-05-20,1Y,-2885.5
2024-05-17,1Y,-2882
2024-05-16,1Y,-2863
2024-05-15,1Y,-2881.5
2024-05-14,1Y,-2872.5
2024-05-13,1Y,-2852
2024-05-10,1Y,-2794.5
2024-05-09,1Y,-2819
2024-05-08,1Y,-2818.5
2024-05-07,1Y,-2779
2024-05-06,1Y,-2753
2024-04-30,1Y,-2823.5
2024-04-29,1Y,-2827.5
2024-04-26,1Y,-2869
2024-04-25,1Y,-2892.5
2024-04-24,1Y,-2935.5
2024-04-23,1Y,-2932
2024-04-22,1Y,-2860
2024-04-19,1Y,-2808.5
2024-04-18,1Y,-2794.75
2024-04-17,1Y,-2797.5
2024-04-16,1Y,-2806.5
2024-04-15,1Y,-2796
2024-04-12,1Y,-2794.5
2024-04-11,1Y,-2785.5
2024-04-10,1Y,-2718.5
2024-04-09,1Y,-2718
2024-04-08,1Y,-2735.5
2024-04-03,1Y,-2719.5
2024-04-02,1Y,-2715
2024-04-01,1Y,-2669.75
2024-03-29,1Y,-2676
2024-03-28,1Y,-2660
2024-03-27,1Y,-2676
2024-03-26,1Y,-2678.5
2024-03-25,1Y,-2663
2024-03-22,1Y,-2649.5
2024-03-21,1Y,-2642.5
2024-03-20,1Y,-2664.5
2024-03-19,1Y,-2674.5
2024-03-18,1Y,-2663
2024-03-15,1Y,-2657.25
2024-03-14,1Y,-2634
2024-03-13,1Y,-2637.5
2024-03-12,1Y,-2590
2024-03-11,1Y,-2606
2024-03-08,1Y,-2614
2024-03-07,1Y,-2639.25
2024-03-06,1Y,-2671.76
2024-03-05,1Y,-2670
2024-03-04,1Y,-2643.5
2024-03-01,1Y,-2660
2024-02-29,1Y,-2665
2024-02-28,1Y,-2698
2024-02-27,1Y,-2674
2024-02-26,1Y,-2660.5
2024-02-23,1Y,-2693.47
2024-02-22,1Y,-2639.5
2024-02-21,1Y,-2604.5
2024-02-20,1Y,-2623
2024-02-19,1Y,-2595.5
2024-02-09,1Y,-2526.5
2024-02-08,1Y,-2524.53
2024-02-07,1Y,-2502.5
2024-02-06,1Y,-2489
2024-02-05,1Y,-2507.25
2024-02-02,1Y,-2435.5
2024-02-01,1Y,-2453.25
2024-01-31,1Y,-2502.5
2024-01-30,1Y,-2532.5
2024-01-29,1Y,-2480.08
2024-01-26,1Y,-2452
2024-01-25,1Y,-2463.5
2024-01-24,1Y,-2472.5
2024-01-23,1Y,-2478.5
2024-01-22,1Y,-2488
2024-01-19,1Y,-2463.75
2024-01-18,1Y,-2443.22
2024-01-17,1Y,-2435
2024-01-16,1Y,-2397
2024-01-15,1Y,-2393
2024-01-12,1Y,-2412.5
2024-01-11,1Y,-2427
2024-01-10,1Y,-2452.5
2024-01-09,1Y,-2488.5
2024-01-08,1Y,-2496.5
2024-01-05,1Y,-2498
2024-01-04,1Y,-2499.5
2024-01-03,1Y,-2505
2024-01-02,1Y,-2460.5
2023-12-29,1Y,-2415
2023-12-28,1Y,-2382
2023-12-27,1Y,-2447.5
2023-12-26,1Y,-2504
2023-12-25,1Y,-2464.5
2023-12-22,1Y,-2457.5
2023-12-21,1Y,-2426
2023-12-20,1Y,-2423.62
2023-12-19,1Y,-2453.5
2023-12-18,1Y,-2440.5
2023-12-15,1Y,-2395
2023-12-14,1Y,-2376
2023-12-13,1Y,-2524
2023-12-12,1Y,-2493
2023-12-11,1Y,-2519.5
2023-12-08,1Y,-2455
2023-12-07,1Y,-2465.5
2023-12-06,1Y,-2488
2023-12-05,1Y,-2494.5
2023-12-04,1Y,-2468
2023-12-01,1Y,-2503
2023-11-30,1Y,-2510
2023-11-29,1Y,-2512
2023-11-28,1Y,-2567.4
2023-11-27,1Y,-2590.5
2023-11-24,1Y,-2584.5
2023-11-23,1Y,-2561.5
2023-11-22,1Y,-2570.5
2023-11-21,1Y,-2559
2023-11-20,1Y,-2545.25
2023-11-17,1Y,-2578
2023-11-16,1Y,-2601.25
2023-11-15,1Y,-2576.89
2023-11-14,1Y,-2675.6
2023-11-13,1Y,-2686.5
2023-11-10,1Y,-2670.5
2023-11-09,1Y,-2637
2023-11-08,1Y,-2633
2023-11-07,1Y,-2647
2023-11-06,1Y,-2602.5
2023-11-03,1Y,-2663.75
2023-11-02,1Y,-2664.5
2023-11-01,1Y,-2684
2023-10-31,1Y,-2691
2023-10-30,1Y,-2717.5
2023-10-27,1Y,-2728
2023-10-26,1Y,-2730
2023-10-25,1Y,-2662.83
2023-10-24,1Y,-2661
2023-10-23,1Y,-2688.5
2023-10-20,1Y,-2644.5
2023-10-19,1Y,-2628.5
2023-10-18,1Y,-2622.5
2023-10-17,1Y,-2615
2023-10-16,1Y,-2640.5
2023-10-13,1Y,-2646
2023-10-12,1Y,-2634
2023-10-11,1Y,-2663
2023-10-10,1Y,-2694.5
2023-10-09,1Y,-2737
2023-09-28,1Y,-2709.5
2023-09-27,1Y,-2731.5
2023-09-26,1Y,-2737
2023-09-25,1Y,-2657
2023-09-22,1Y,-2640.25
2023-09-21,1Y,-2646.5
2023-09-20,1Y,-2601
2023-09-19,1Y,-2580.45
2023-09-18,1Y,-2557
2023-09-15,1Y,-2562
2023-09-14,1Y,-2549
2023-09-13,1Y,-2566.25
2023-09-12,1Y,-2596
2023-09-11,1Y,-2586
2023-09-08,1Y,-2601.5
2023-09-07,1Y,-2582
2023-09-06,1Y,-2592.5
2023-09-05,1Y,-2594.5
2023-09-04,1Y,-2559.5
2023-09-01,1Y,-2541
2023-08-31,1Y,-2567
2023-08-30,1Y,-2593
2023-08-29,1Y,-2591.5
2023-08-28,1Y,-2609.5
2023-08-25,1Y,-2578
2023-08-24,1Y,-2579
2023-08-23,1Y,-2590
2023-08-22,1Y,-2566.5
2023-08-21,1Y,-2568
2023-08-18,1Y,-2551
2023-08-17,1Y,-2581
2023-08-16,1Y,-2555.5
2023-08-15,1Y,-2570
2023-08-14,1Y,-2528
2023-08-11,1Y,-2470
2023-08-10,1Y,-2445
2023-08-09,1Y,-2445.5
2023-08-08,1Y,-2432
2023-08-07,1Y,-2447.5
2023-08-04,1Y,-2491
2023-08-03,1Y,-2494.5
2023-08-02,1Y,-2418.5
2023-08-01,1Y,-2437.5
2023-07-31,1Y,-2417.5
2023-07-28,1Y,-2438
2023-07-27,1Y,-2410
2023-07-26,1Y,-2429.5
2023-07-25,1Y,-2404
2023-07-24,1Y,-2448.5
2023-07-21,1Y,-2467
2023-07-20,1Y,-2437
2023-07-19,1Y,-2454.5
2023-07-18,1Y,-2456
2023-07-17,1Y,-2497
2023-07-14,1Y,-2403
2023-07-13,1Y,-2376
2023-07-12,1Y,-2470
2023-07-11,1Y,-2513
2023-07-10,1Y,-2567.5
2023-07-07,1Y,-2586
2023-07-06,1Y,-2547
2023-07-05,1Y,-2544
2023-07-04,1Y,-2612.5
2023-07-03,1Y,-2649.5
2023-06-30,1Y,-2665
2023-06-29,1Y,-2552.5
2023-06-28,1Y,-2514
2023-06-27,1Y,-2505.5
2023-06-26,1Y,-2503.5
2023-06-21,1Y,-2486
2023-06-20,1Y,-2435
2023-06-19,1Y,-2413.5
2023-06-16,1Y,-2410
2023-06-15,1Y,-2490.5
2023-06-14,1Y,-2519.5
2023-06-13,1Y,-2506.5
2023-06-12,1Y,-2472
2023-06-09,1Y,-2421
2023-06-08,1Y,-2382.75
2023-06-07,1Y,-2351.5
2023-06-06,1Y,-2355
2023-06-05,1Y,-2379
2023-06-02,1Y,-2298
2023-06-01,1Y,-2395
2023-05-31,1Y,-2400
2023-05-30,1Y,-2462
2023-05-29,1Y,-2414
2023-05-26,1Y,-2377
2023-05-25,1Y,-2350
2023-05-24,1Y,-2250
2023-05-23,1Y,-2228
2023-05-22,1Y,-2136.5
2023-05-19,1Y,-2127.5
2023-05-18,1Y,-2093.25
2023-05-17,1Y,-2034
2023-05-16,1Y,-1964.5
2023-05-15,1Y,-1929
2023-05-12,1Y,-1906.67
2023-05-11,1Y,-1899
2023-05-10,1Y,-1896.5
2023-05-09,1Y,-1892.5
2023-05-08,1Y,-1851.5
2023-05-05,1Y,-1767.9
2023-05-04,1Y,-1753.75
2023-04-28,1Y,-1843.5
2023-04-27,1Y,-1818
2023-04-26,1Y,-1791
2023-04-25,1Y,-1830.5
2023-04-24,1Y,-1837
2023-04-21,1Y,-1805
2023-04-20,1Y,-1816
2023-04-19,1Y,-1853.5
2023-04-18,1Y,-1803
2023-04-17,1Y,-1795.5
2023-04-14,1Y,-1724.5
2023-04-13,1Y,-1751.5
2023-04-12,1Y,-1792
2023-04-11,1Y,-1758
2023-04-10,1Y,-1709
2023-04-07,1Y,-1640.5
2023-04-06,1Y,-1624
2023-04-04,1Y,-1705
2023-04-03,1Y,-1747.5
2023-03-31,1Y,-1750.5
2023-03-30,1Y,-1731
2023-03-29,1Y,-1743.5
2023-03-28,1Y,-1743.5
2023-03-27,1Y,-1674.5
2023-03-24,1Y,-1579
2023-03-23,1Y,-1637.5
2023-03-22,1Y,-1695
2023-03-21,1Y,-1617.5
2023-03-20,1Y,-1492
2023-03-17,1Y,-1665
2023-03-16,1Y,-1571.5
2023-03-15,1Y,-1813.5
2023-03-14,1Y,-1681.5
2023-03-13,1Y,-1813.5
2023-03-10,1Y,-2068
2023-03-09,1Y,-2130.5
2023-03-08,1Y,-2087.5
2023-03-07,1Y,-1895.5
2023-03-06,1Y,-1864.5
2023-03-03,1Y,-1875
2023-03-02,1Y,-1905.75
2023-03-01,1Y,-1835.5
2023-02-28,1Y,-1884.5
2023-02-27,1Y,-1875.5
2023-02-24,1Y,-1797.5
2023-02-23,1Y,-1786
2023-02-22,1Y,-1775
2023-02-21,1Y,-1706.5
2023-02-20,1Y,-1682.5
2023-02-17,1Y,-1770.5
2023-02-16,1Y,-1706
2023-02-15,1Y,-1733.5
2023-02-14,1Y,-1677.5
2023-02-13,1Y,-1725
2023-02-10,1Y,-1670.5
2023-02-09,1Y,-1633
2023-02-08,1Y,-1599
2023-02-07,1Y,-1605.44
2023-02-06,1Y,-1560
2023-02-03,1Y,-1452.5
2023-02-02,1Y,-1429
2023-02-01,1Y,-1472
2023-01-31,1Y,-1462.5
2023-01-30,1Y,-1423
2023-01-20,1Y,-1522.5
2023-01-19,1Y,-1513.5
2023-01-18,1Y,-1557.5
2023-01-17,1Y,-1569
2023-01-16,1Y,-1493
2023-01-13,1Y,-1571.5
2023-01-12,1Y,-1594.5
2023-01-11,1Y,-1640
2023-01-10,1Y,-1725
2023-01-09,1Y,-1840
2023-01-06,1Y,-1965
2023-01-05,1Y,-1936.5
2023-01-04,1Y,-1901.5
2023-01-03,1Y,-1915
2022-12-30,1Y,-1975
2022-12-29,1Y,-1927
2022-12-28,1Y,-1900
2022-12-27,1Y,-1882.5
2022-12-26,1Y,-1915
2022-12-23,1Y,-1925
2022-12-22,1Y,-1915.5
2022-12-21,1Y,-1925
2022-12-20,1Y,-1928.5
2022-12-19,1Y,-1891.5
2022-12-16,1Y,-1932.5
2022-12-15,1Y,-1934
2022-12-14,1Y,-1917.5
2022-12-13,1Y,-1979
2022-12-12,1Y,-2042
2022-12-09,1Y,-2005
2022-12-08,1Y,-2002.5
2022-12-07,1Y,-1972.5
2022-12-06,1Y,-1947.5
2022-12-05,1Y,-1882
2022-12-02,1Y,-1943
2022-12-01,1Y,-1994
2022-11-30,1Y,-2127.5
2022-11-29,1Y,-2116.5
2022-11-28,1Y,-2149
2022-11-25,1Y,-2159.5
2022-11-24,1Y,-2191.5
2022-11-23,1Y,-2190
2022-11-22,1Y,-2170
2022-11-21,1Y,-2213.25
2022-11-18,1Y,-2113.5
2022-11-17,1Y,-2120
2022-11-16,1Y,-2059
2022-11-15,1Y,-2107.5
2022-11-14,1Y,-2166.5
2022-11-11,1Y,-2178
2022-11-10,1Y,-2447.25
2022-11-09,1Y,-2495
2022-11-08,1Y,-2511.5
2022-11-07,1Y,-2423.5
2022-11-04,1Y,-2445
2022-11-03,1Y,-2489
2022-11-02,1Y,-2402
2022-11-01,1Y,-2371.5
2022-10-31,1Y,-2428
2022-10-28,1Y,-2325
2022-10-27,1Y,-2312
2022-10-26,1Y,-2185
2022-10-25,1Y,-2351
2022-10-24,1Y,-2397.5
2022-10-21,1Y,-2460
2022-10-20,1Y,-2414
2022-10-19,1Y,-2387.5
2022-10-18,1Y,-2269
2022-10-17,1Y,-2345
2022-10-14,1Y,-2126.75
2022-10-13,1Y,-1879
2022-10-12,1Y,-1809.5
2022-10-11,1Y,-1758.5
2022-10-10,1Y,-1720.5
2022-09-30,1Y,-1597.5
2022-09-29,1Y,-1609.5
2022-09-28,1Y,-1516
2022-09-27,1Y,-1565.5
2022-09-26,1Y,-1580
2022-09-23,1Y,-1489
2022-09-22,1Y,-1481.5
2022-09-21,1Y,-1440.5
2022-09-20,1Y,-1436.5
2022-09-19,1Y,-1409.5
2022-09-16,1Y,-1380.5
2022-09-15,1Y,-1288.5
2022-09-14,1Y,-1251
2022-09-13,1Y,-1070.25
2022-09-09,1Y,-1078
2022-09-08,1Y,-1105
2022-09-07,1Y,-1155.5
2022-09-06,1Y,-1121
2022-09-05,1Y,-1074
2022-09-02,1Y,-1131
2022-09-01,1Y,-1084
2022-08-31,1Y,-1095.5
2022-08-30,1Y,-1116
2022-08-29,1Y,-1126.5
2022-08-26,1Y,-1075.5
2022-08-25,1Y,-1065
2022-08-24,1Y,-1132
2022-08-23,1Y,-1107.5
2022-08-22,1Y,-1025
2022-08-19,1Y,-976
2022-08-18,1Y,-957
2022-08-17,1Y,-964.5
2022-08-16,1Y,-983.5
2022-08-15,1Y,-974.5
2022-08-12,1Y,-844
2022-08-11,1Y,-837.5
2022-08-10,1Y,-854.25
2022-08-09,1Y,-826.5
2022-08-08,1Y,-863
2022-08-05,1Y,-762.5
2022-08-04,1Y,-773.5
2022-08-03,1Y,-766.5
2022-08-02,1Y,-654
2022-08-01,1Y,-633
2022-07-29,1Y,-574
2022-07-28,1Y,-605
2022-07-27,1Y,-656.5
2022-07-26,1Y,-677.5
2022-07-25,1Y,-624
2022-07-22,1Y,-657.5
2022-07-21,1Y,-672.22
2022-07-20,1Y,-651.5
2022-07-19,1Y,-636
2022-07-18,1Y,-599.5
2022-07-15,1Y,-585.45
2022-07-14,1Y,-575
2022-07-13,1Y,-423
2022-07-12,1Y,-398
2022-07-11,1Y,-399.5
2022-07-08,1Y,-366.5
2022-07-07,1Y,-396.5
2022-07-06,1Y,-276
2022-07-05,1Y,-252.5
2022-07-04,1Y,-192
2022-07-01,1Y,-267
2022-06-30,1Y,-310
2022-06-29,1Y,-346
2022-06-28,1Y,-350.5
2022-06-27,1Y,-314
2022-06-24,1Y,-304.75
2022-06-23,1Y,-333
2022-06-22,1Y,-371.5
2022-06-21,1Y,-387.5
2022-06-20,1Y,-323
2022-06-17,1Y,-375
2022-06-16,1Y,-410
2022-06-15,1Y,-394
2022-06-14,1Y,-394
2022-06-13,1Y,-295
2022-06-10,1Y,-68.5
2022-06-09,1Y,-51.25
2022-06-08,1Y,-23.5
2022-06-07,1Y,-17
2022-06-06,1Y,8
2022-06-02,1Y,15.5
2022-06-01,1Y,53.5
2022-05-31,1Y,14.5
2022-05-30,1Y,17
2022-05-27,1Y,-15.5
2022-05-26,1Y,-15
2022-05-25,1Y,32.75
2022-05-24,1Y,19
2022-05-23,1Y,-3
2022-05-20,1Y,-2.5
2022-05-19,1Y,-31.5
2022-05-18,1Y,-21.5
2022-05-17,1Y,-17
2022-05-16,1Y,10
2022-05-13,1Y,-6.5
2022-05-12,1Y,-27.5
2022-05-11,1Y,-12.5
2022-05-10,1Y,-34.5
2022-05-09,1Y,34
2022-05-06,1Y,204
2022-05-05,1Y,354.5
2022-04-29,1Y,400.5
2022-04-28,1Y,490
2022-04-27,1Y,587
2022-04-26,1Y,585
2022-04-25,1Y,662.75
2022-04-22,1Y,538.75
2022-04-21,1Y,564.5
2022-04-20,1Y,590
2022-04-19,1Y,617
2022-04-18,1Y,635
2022-04-15,1Y,613
2022-04-14,1Y,658.5
2022-04-13,1Y,678
2022-04-12,1Y,652.5
2022-04-11,1Y,633.75
2022-04-08,1Y,655
2022-04-07,1Y,684.25
2022-04-06,1Y,684
2022-04-01,1Y,752.5
2022-03-31,1Y,787.5
2022-03-30,1Y,774.5
2022-03-29,1Y,758
2022-03-28,1Y,786
2022-03-25,1Y,861.5
2022-03-24,1Y,880
2022-03-23,1Y,890
2022-03-22,1Y,877.5
2022-03-21,1Y,951.25
2022-03-18,1Y,985.25
2022-03-17,1Y,978.5
2022-03-16,1Y,994.5
2022-03-15,1Y,1029
2022-03-14,1Y,1026.5
2022-03-11,1Y,1062.5
2022-03-10,1Y,1114.5
2022-03-09,1Y,1149.5
2022-03-08,1Y,1158
2022-03-07,1Y,1178
2022-03-04,1Y,1157
2022-03-03,1Y,1174.95
2022-03-02,1Y,1191
2022-03-01,1Y,1106.75
2022-02-28,1Y,1080
2022-02-25,1Y,1071.5
2022-02-24,1Y,1072.33
2022-02-23,1Y,1019
2022-02-22,1Y,1057.5
2022-02-21,1Y,1088
2022-02-18,1Y,1032.51
2022-02-17,1Y,1034.5
2022-02-16,1Y,979.5
2022-02-15,1Y,974.5
2022-02-14,1Y,1002.5
2022-02-11,1Y,977
2022-02-10,1Y,1067
2022-02-09,1Y,1053
2022-02-08,1Y,1082.5
2022-02-07,1Y,1092
2022-01-28,1Y,1148
2022-01-27,1Y,1130
2022-01-26,1Y,1187
2022-01-25,1Y,1182.5
2022-01-24,1Y,1145.5
2022-01-21,1Y,1181
2022-01-20,1Y,1193.44
2022-01-19,1Y,1194.4
2022-01-18,1Y,1158
2022-01-17,1Y,1231
2022-01-14,1Y,1289
2022-01-13,1Y,1331
2022-01-12,1Y,1350
2022-01-11,1Y,1337
2022-01-10,1Y,1360.5
2022-01-07,1Y,1396
2022-01-06,1Y,1397.5
2022-01-05,1Y,1432
2022-01-04,1Y,1447
2021-12-31,1Y,1494
2021-12-30,1Y,1500.51
2021-12-29,1Y,1469
2021-12-28,1Y,1500
2021-12-27,1Y,1538.5
2021-12-24,1Y,1559.5
2021-12-23,1Y,1594.25
2021-12-22,1Y,1630
2021-12-21,1Y,1608.94
2021-12-20,1Y,1598.75
2021-12-17,1Y,1596.44
2021-12-16,1Y,1591.25
2021-12-15,1Y,1606
2021-12-14,1Y,1597.5
2021-12-13,1Y,1579.44
2021-12-10,1Y,1594
2021-12-09,1Y,1631.5
2021-12-08,1Y,1656.25
2021-12-07,1Y,1652.5
2021-12-06,1Y,1657.94
2021-12-03,1Y,1669.28
2021-12-02,1Y,1663.2
2021-12-01,1Y,1661.94
2021-11-30,1Y,1666.5
2021-11-29,1Y,1642.5
2021-11-26,1Y,1651.5
2021-11-25,1Y,1628.5
2021-11-24,1Y,1627.52
2021-11-23,1Y,1660.5
2021-11-22,1Y,1660.25
2021-11-19,1Y,1669.13
2021-11-18,1Y,1672
2021-11-17,1Y,1680.6
2021-11-16,1Y,1664.75
2021-11-15,1Y,1667.25
2021-11-12,1Y,1645.84
2021-11-11,1Y,1659
2021-11-10,1Y,1694
2021-11-09,1Y,1708.5
2021-11-08,1Y,1707.44
2021-11-05,1Y,1698.94
2021-11-04,1Y,1705.1
2021-11-03,1Y,1711.44
2021-11-02,1Y,1705.5
2021-11-01,1Y,1730.75
2021-10-29,1Y,1726.55
2021-10-28,1Y,1715.5
2021-10-27,1Y,1730.5
2021-10-26,1Y,1735
2021-10-25,1Y,1735.5
2021-10-22,1Y,1750
2021-10-21,1Y,1745.75
2021-10-20,1Y,1752.25
2021-10-19,1Y,1769.5
2021-10-18,1Y,1772
2021-10-15,1Y,1734.44
2021-10-14,1Y,1737
2021-10-13,1Y,1763
2021-10-12,1Y,1755.5
2021-10-11,1Y,1774.5
2021-10-08,1Y,1739
2021-09-30,1Y,1686.5
2021-09-29,1Y,1692.5
2021-09-28,1Y,1703.5
2021-09-27,1Y,1728.5
2021-09-24,1Y,1715.5
2021-09-23,1Y,1742.25
2021-09-22,1Y,1772
2021-09-17,1Y,1747
2021-09-16,1Y,1788.5
2021-09-15,1Y,1788.5
2021-09-14,1Y,1811
2021-09-13,1Y,1791
2021-09-10,1Y,1740.5
2021-09-09,1Y,1706
2021-09-08,1Y,1697
2021-09-07,1Y,1680
2021-09-06,1Y,1670.5
2021-09-03,1Y,1668.5
2021-09-02,1Y,1662
2021-09-01,1Y,1650
2021-08-31,1Y,1618
2021-08-30,1Y,1608.5
2021-08-27,1Y,1616
2021-08-26,1Y,1607
2021-08-25,1Y,1615.58
2021-08-24,1Y,1607
2021-08-23,1Y,1599.5
2021-08-20,1Y,1581.5
2021-08-19,1Y,1572.5
2021-08-18,1Y,1586
2021-08-17,1Y,1591.25
2021-08-16,1Y,1593.5
2021-08-13,1Y,1602
2021-08-12,1Y,1590.5
2021-08-11,1Y,1602
2021-08-10,1Y,1606.5
2021-08-09,1Y,1613.5
2021-08-06,1Y,1589.25
2021-08-05,1Y,1568.25
2021-08-04,1Y,1586
2021-08-03,1Y,1592.5
2021-08-02,1Y,1590
2021-07-30,1Y,1610.5
2021-07-29,1Y,1631
2021-07-28,1Y,1689.5
2021-07-27,1Y,1647
2021-07-26,1Y,1614.5
2021-07-23,1Y,1599.5
2021-07-22,1Y,1590
2021-07-21,1Y,1613
2021-07-20,1Y,1588
2021-07-19,1Y,1569
2021-07-16,1Y,1557.5
2021-07-15,1Y,1569.5
2021-07-14,1Y,1577.5
2021-07-13,1Y,1553.5
2021-07-12,1Y,1561.5
2021-07-09,1Y,1591
2021-07-08,1Y,1577.94
2021-07-07,1Y,1606.25
2021-07-06,1Y,1580.5
2021-07-05,1Y,1578
2021-07-02,1Y,1568.33
2021-07-01,1Y,1565.22
2021-06-30,1Y,1570.5
2021-06-29,1Y,1562.5
2021-06-28,1Y,1570.5
2021-06-25,1Y,1548.5
2021-06-24,1Y,1555.5
2021-06-23,1Y,1569
2021-06-22,1Y,1586.25
2021-06-21,1Y,1585
2021-06-18,1Y,1610.5
2021-06-17,1Y,1585.5
2021-06-16,1Y,1586
2021-06-15,1Y,1578.25
2021-06-11,1Y,1573
2021-06-10,1Y,1534
2021-06-09,1Y,1546.5
2021-06-08,1Y,1530.5
2021-06-07,1Y,1527
2021-06-04,1Y,1508.5
2021-06-03,1Y,1485.5
2021-06-02,1Y,1511
2021-06-01,1Y,1515.94
2021-05-31,1Y,1573
2021-05-28,1Y,1566
2021-05-27,1Y,1548.33
2021-05-26,1Y,1547
2021-05-25,1Y,1553
2021-05-24,1Y,1571
2021-05-21,1Y,1563
2021-05-20,1Y,1573.5
2021-05-19,1Y,1597.5
2021-05-18,1Y,1594
2021-05-17,1Y,1608.5
2021-05-14,1Y,1571.5
2021-05-13,1Y,1576.45
2021-05-12,1Y,1571.25
2021-05-11,1Y,1550
2021-05-10,1Y,1535.5
2021-05-07,1Y,1584.5
2021-05-06,1Y,1616
2021-04-30,1Y,1634
2021-04-29,1Y,1640
2021-04-28,1Y,1635.5
2021-04-27,1Y,1631.5
2021-04-26,1Y,1656
2021-04-23,1Y,1639
2021-04-22,1Y,1625
2021-04-21,1Y,1617
2021-04-20,1Y,1633.5
2021-04-19,1Y,1649.5
2021-04-16,1Y,1672
2021-04-15,1Y,1667
2021-04-14,1Y,1679.5
2021-04-13,1Y,1672.5
2021-04-12,1Y,1715.75
2021-04-09,1Y,1695
2021-04-08,1Y,1697
2021-04-07,1Y,1730
2021-04-06,1Y,1722
2021-04-02,1Y,1727.5
2021-04-01,1Y,1731.5
2021-03-31,1Y,1735
2021-03-30,1Y,1731.5
2021-03-29,1Y,1726.5
2021-03-26,1Y,1730
2021-03-25,1Y,1736
2021-03-24,1Y,1736
2021-03-23,1Y,1728.5
2021-03-22,1Y,1760.5
2021-03-19,1Y,1772
2021-03-18,1Y,1791
2021-03-17,1Y,1768.5
2021-03-16,1Y,1745.5
2021-03-15,1Y,1770.5
2021-03-12,1Y,1748.5
2021-03-11,1Y,1717.5
2021-03-10,1Y,1695.5
2021-03-09,1Y,1705
2021-03-08,1Y,1702
2021-03-05,1Y,1664.5
2021-03-04,1Y,1672
2021-03-03,1Y,1682.5
2021-03-02,1Y,1668.5
2021-03-01,1Y,1664.5
2021-02-26,1Y,1698
2021-02-25,1Y,1727
2021-02-24,1Y,1720.9
2021-02-23,1Y,1726.5
2021-02-22,1Y,1696.5
2021-02-19,1Y,1718
2021-02-18,1Y,1757.5
2021-02-10,1Y,1710.5
2021-02-09,1Y,1689.5
2021-02-08,1Y,1702.5
2021-02-05,1Y,1667.5
2021-02-04,1Y,1629.5
2021-02-03,1Y,1634
2021-02-02,1Y,1537
2021-02-01,1Y,1535.5
2021-01-29,1Y,1591.75
2021-01-28,1Y,1604.5
2021-01-27,1Y,1532.5
2021-01-26,1Y,1488
2021-01-25,1Y,1416.5
2021-01-22,1Y,1350.5
2021-01-21,1Y,1333
2021-01-20,1Y,1362
2021-01-19,1Y,1387.5
2021-01-18,1Y,1405
2021-01-15,1Y,1340
2021-01-14,1Y,1289.5
2021-01-13,1Y,1266.5
2021-01-12,1Y,1247.5
2021-01-11,1Y,1287.5
2021-01-08,1Y,1269.5
2021-01-07,1Y,1309
2021-01-06,1Y,1333.5
2021-01-05,1Y,1331.5
2021-01-04,1Y,1365.5
2020-12-31,1Y,1435
2020-12-30,1Y,1470
2020-12-29,1Y,1511.5
2020-12-28,1Y,1524
2020-12-25,1Y,1500
2020-12-24,1Y,1476.5
2020-12-23,1Y,1464
2020-12-22,1Y,1500
2020-12-21,1Y,1519
2020-12-18,1Y,1508
2020-12-17,1Y,1509.5
2020-12-16,1Y,1471.5
2020-12-15,1Y,1393.5
2020-12-14,1Y,1452.5
2020-12-11,1Y,1534
2020-12-10,1Y,1480.5
2020-12-09,1Y,1518
2020-12-08,1Y,1583.5
2020-12-07,1Y,1636
2020-12-04,1Y,1659
2020-12-03,1Y,1667.5
2020-12-02,1Y,1670
2020-12-01,1Y,1625.5
2020-11-30,1Y,1654.5
2020-11-27,1Y,1732
2020-11-26,1Y,1766
2020-11-25,1Y,1823
2020-11-24,1Y,1822
2020-11-23,1Y,1793
2020-11-20,1Y,1807.5
2020-11-19,1Y,1818
2020-11-18,1Y,1796
2020-11-17,1Y,1793.5
2020-11-16,1Y,1803.5
2020-11-13,1Y,1810.5
2020-11-12,1Y,1805
2020-11-11,1Y,1773
2020-11-10,1Y,1736.5
2020-11-09,1Y,1791.5
2020-11-06,1Y,1770
2020-11-05,1Y,1702
2020-11-04,1Y,1680.5
2020-11-03,1Y,1660.5
2020-11-02,1Y,1676.75
2020-10-30,1Y,1686.5
2020-10-29,1Y,1686.5
2020-10-28,1Y,1718.75
2020-10-27,1Y,1697.5
2020-10-26,1Y,1681.5
2020-10-23,1Y,1650.5
2020-10-22,1Y,1612
2020-10-21,1Y,1629
2020-10-20,1Y,1638
2020-10-19,1Y,1625
2020-10-16,1Y,1608.5
2020-10-15,1Y,1613.5
2020-10-14,1Y,1628.5
2020-10-13,1Y,1635.5
2020-10-12,1Y,1692
2020-10-09,1Y,1607.25
2020-09-30,1Y,1545
2020-09-29,1Y,1545.5
2020-09-28,1Y,1558.5
2020-09-25,1Y,1540
2020-09-24,1Y,1525
2020-09-23,1Y,1506.5
2020-09-22,1Y,1508
2020-09-21,1Y,1507.5
2020-09-18,1Y,1494
2020-09-17,1Y,1497.5
2020-09-16,1Y,1461
2020-09-15,1Y,1449
2020-09-14,1Y,1487.75
2020-09-11,1Y,1486
2020-09-10,1Y,1466.5
2020-09-09,1Y,1460
2020-09-08,1Y,1479.5
2020-09-07,1Y,1485
2020-09-04,1Y,1466
2020-09-03,1Y,1452.5
2020-09-02,1Y,1460
2020-09-01,1Y,1472.5
2020-08-31,1Y,1422
2020-08-28,1Y,1371
2020-08-27,1Y,1381
2020-08-26,1Y,1351.5
2020-08-25,1Y,1376.39
2020-08-24,1Y,1380
2020-08-21,1Y,1394
2020-08-20,1Y,1395
2020-08-19,1Y,1414.5
2020-08-18,1Y,1375.5
2020-08-17,1Y,1385
2020-08-14,1Y,1386.5
2020-08-13,1Y,1372.75
2020-08-12,1Y,1442
2020-08-11,1Y,1495.5
2020-08-10,1Y,1476
2020-08-07,1Y,1457.5
2020-08-06,1Y,1497.5
2020-08-05,1Y,1476.5
2020-08-04,1Y,1492
2020-08-03,1Y,1455
2020-07-31,1Y,1382.5
2020-07-30,1Y,1317.5
2020-07-29,1Y,1283
2020-07-28,1Y,1287.5
2020-07-27,1Y,1301
2020-07-24,1Y,1290
2020-07-23,1Y,1279.5
2020-07-22,1Y,1257.5
2020-07-21,1Y,1260
2020-07-20,1Y,1270.5
2020-07-17,1Y,1255.5
2020-07-16,1Y,1243.5
2020-07-15,1Y,1266
2020-07-14,1Y,1261
2020-07-13,1Y,1263
2020-07-10,1Y,1236.5
2020-07-09,1Y,1245.5
2020-07-08,1Y,1161.5
2020-07-07,1Y,1141
2020-07-06,1Y,1161
2020-07-03,1Y,1019
2020-07-02,1Y,1003
2020-07-01,1Y,1026.5
2020-06-30,1Y,1021
2020-06-29,1Y,995.5
2020-06-24,1Y,1033
2020-06-23,1Y,1097.5
2020-06-22,1Y,1092.5
2020-06-19,1Y,993
2020-06-18,1Y,990.5
2020-06-17,1Y,1051
2020-06-16,1Y,1066
2020-06-15,1Y,963.5
2020-06-12,1Y,975
2020-06-11,1Y,990.5
2020-06-10,1Y,997.5
2020-06-09,1Y,926.5
2020-06-08,1Y,925
2020-06-05,1Y,980
2020-06-04,1Y,990.5
2020-06-03,1Y,915
2020-06-02,1Y,882.5
2020-06-01,1Y,772.5
2020-05-29,1Y,754.5
2020-05-28,1Y,737.5
2020-05-27,1Y,771.5
2020-05-26,1Y,731
2020-05-25,1Y,685.5
2020-05-22,1Y,656
2020-05-21,1Y,604.5
2020-05-20,1Y,660.5
2020-05-19,1Y,663
2020-05-18,1Y,628.5
2020-05-15,1Y,579.5
2020-05-14,1Y,568
2020-05-13,1Y,617.5
2020-05-12,1Y,600.5
2020-05-11,1Y,657
2020-05-08,1Y,629
2020-05-07,1Y,569
2020-05-06,1Y,498.5
2020-04-30,1Y,469.5
2020-04-29,1Y,441
2020-04-28,1Y,432.5
2020-04-27,1Y,482.5
2020-04-24,1Y,430.5
2020-04-23,1Y,380.5
2020-04-22,1Y,365.5
2020-04-21,1Y,352.5
2020-04-20,1Y,345
2020-04-17,1Y,308.5
2020-04-16,1Y,282.5
2020-04-15,1Y,284
2020-04-14,1Y,320.5
2020-04-13,1Y,329.5
2020-04-10,1Y,377.5
2020-04-09,1Y,316
2020-04-08,1Y,325.5
2020-04-07,1Y,287.5
2020-04-03,1Y,375
2020-04-02,1Y,406.5
2020-04-01,1Y,422.5
2020-03-31,1Y,374.5
2020-03-30,1Y,232
2020-03-27,1Y,306.5
2020-03-26,1Y,240
2020-03-25,1Y,345
2020-03-24,1Y,426
2020-03-23,1Y,424
2020-03-20,1Y,594
2020-03-19,1Y,426
2020-03-18,1Y,535
2020-03-17,1Y,610.5
2020-03-16,1Y,799
2020-03-13,1Y,747.5
2020-03-12,1Y,859.5
2020-03-11,1Y,945
2020-03-10,1Y,914.5
2020-03-09,1Y,982.5
2020-03-06,1Y,865
2020-03-05,1Y,826
2020-03-04,1Y,802
2020-03-03,1Y,647
2020-03-02,1Y,655
2020-02-28,1Y,547.5
2020-02-27,1Y,500
2020-02-26,1Y,496.5
2020-02-25,1Y,479
2020-02-24,1Y,470.5
2020-02-21,1Y,471
2020-02-20,1Y,445
2020-02-19,1Y,434
2020-02-18,1Y,414
2020-02-17,1Y,445
2020-02-14,1Y,431.5
2020-02-13,1Y,441
2020-02-12,1Y,482
2020-02-11,1Y,504.5
2020-02-10,1Y,468.5
2020-02-07,1Y,454
2020-02-06,1Y,485
2020-02-05,1Y,467.83
2020-02-04,1Y,480
2020-02-03,1Y,525
2020-01-23,1Y,563.75
2020-01-22,1Y,573.75
2020-01-21,1Y,589.5
2020-01-20,1Y,619
2020-01-17,1Y,632.5
2020-01-16,1Y,612
2020-01-15,1Y,607
2020-01-14,1Y,593.5
2020-01-13,1Y,593
2020-01-10,1Y,556
2020-01-09,1Y,545
2020-01-08,1Y,531.25
2020-01-07,1Y,508.5
2020-01-06,1Y,507
2020-01-03,1Y,482.5
2020-01-02,1Y,449.5
2019-12-31,1Y,458
2019-12-30,1Y,460
2019-12-27,1Y,485
2019-12-26,1Y,483.5
2019-12-25,1Y,471
2019-12-24,1Y,437.5
2019-12-23,1Y,455.5
2019-12-20,1Y,467
2019-12-19,1Y,473
2019-12-18,1Y,468.5
2019-12-17,1Y,473.5
2019-12-16,1Y,457.5
2019-12-13,1Y,443.25
2019-12-12,1Y,444
2019-12-11,1Y,443.5
2019-12-10,1Y,449.75
2019-12-09,1Y,442.5
2019-12-06,1Y,441
2019-12-05,1Y,448
2019-12-04,1Y,451.5
2019-12-03,1Y,456.5
2019-12-02,1Y,473
2019-11-29,1Y,444.5
2019-11-28,1Y,443
2019-11-27,1Y,440.5
2019-11-26,1Y,434
2019-11-25,1Y,433
2019-11-22,1Y,418
2019-11-21,1Y,377
2019-11-20,1Y,394
2019-11-19,1Y,406
2019-11-18,1Y,415
2019-11-15,1Y,443.5
2019-11-14,1Y,431.5
2019-11-13,1Y,442.5
2019-11-12,1Y,444
2019-11-11,1Y,426.5
2019-11-08,1Y,417
2019-11-07,1Y,389.25
2019-11-06,1Y,378
2019-11-05,1Y,357.25
2019-11-04,1Y,382
2019-11-01,1Y,374.5
2019-10-31,1Y,365
2019-10-30,1Y,386.5
2019-10-29,1Y,364.5
2019-10-28,1Y,326.5
2019-10-25,1Y,332.5
2019-10-24,1Y,330.5
2019-10-23,1Y,312.5
2019-10-22,1Y,343.75
2019-10-21,1Y,364.5
2019-10-18,1Y,343
2019-10-17,1Y,342
2019-10-16,1Y,364.28
2019-10-15,1Y,408.5
2019-10-14,1Y,404.5
2019-10-11,1Y,411.5
2019-10-10,1Y,405
2019-10-09,1Y,383
2019-10-08,1Y,370
2019-09-30,1Y,348.5
2019-09-27,1Y,345
2019-09-26,1Y,344.5
2019-09-25,1Y,363.75
2019-09-24,1Y,335
2019-09-23,1Y,348.5
2019-09-20,1Y,322
2019-09-19,1Y,303
2019-09-18,1Y,325
2019-09-17,1Y,313.5
2019-09-16,1Y,284.5
2019-09-12,1Y,284.5
2019-09-11,1Y,268.5
2019-09-10,1Y,274
2019-09-09,1Y,260.83
2019-09-06,1Y,230
2019-09-05,1Y,242.5
2019-09-04,1Y,260
2019-09-03,1Y,258
2019-09-02,1Y,224.5
2019-08-30,1Y,225
2019-08-29,1Y,240
2019-08-28,1Y,244
2019-08-27,1Y,273
2019-08-26,1Y,295
2019-08-23,1Y,247
2019-08-22,1Y,275.5
2019-08-21,1Y,286
2019-08-20,1Y,251
2019-08-19,1Y,271.5
2019-08-16,1Y,311.75
2019-08-15,1Y,306
2019-08-14,1Y,268
2019-08-13,1Y,276
2019-08-12,1Y,277.5
2019-08-09,1Y,294
2019-08-08,1Y,273
2019-08-07,1Y,242
2019-08-06,1Y,235
2019-08-05,1Y,373.5
2019-08-02,1Y,209.5
2019-08-01,1Y,171.5
2019-07-31,1Y,167
2019-07-30,1Y,159
2019-07-29,1Y,111
2019-07-26,1Y,136.5
2019-07-25,1Y,110
2019-07-24,1Y,96.5
2019-07-23,1Y,78.5
2019-07-22,1Y,59
2019-07-19,1Y,74.5
2019-07-18,1Y,105
2019-07-17,1Y,104.5
2019-07-16,1Y,112.5
2019-07-15,1Y,121
2019-07-12,1Y,94.45
2019-07-11,1Y,71
2019-07-10,1Y,41.5
2019-07-09,1Y,55
2019-07-08,1Y,91
2019-07-05,1Y,115
2019-07-04,1Y,100
2019-07-03,1Y,51
2019-07-02,1Y,58.5
2019-07-01,1Y,118
2019-06-28,1Y,137.5
2019-06-27,1Y,164
2019-06-26,1Y,147.5
2019-06-25,1Y,169
2019-06-24,1Y,236
2019-06-21,1Y,231
2019-06-20,1Y,284.75
2019-06-19,1Y,272
2019-06-18,1Y,286.5
2019-06-17,1Y,323
2019-06-14,1Y,346
2019-06-13,1Y,392.5
2019-06-12,1Y,150
2019-06-11,1Y,357.5
2019-06-10,1Y,251
2019-06-06,1Y,337.5
2019-06-05,1Y,294.5
2019-06-04,1Y,337
2019-06-03,1Y,364.5
2019-05-31,1Y,282
2019-05-30,1Y,215
2019-05-29,1Y,198.5
2019-05-28,1Y,204.5
2019-05-27,1Y,188
2019-05-24,1Y,166.5
2019-05-23,1Y,166
2019-05-22,1Y,159
2019-05-21,1Y,165.5
2019-05-20,1Y,155.5
2019-05-17,1Y,175
2019-05-16,1Y,167.5
2019-05-15,1Y,167.5
2019-05-14,1Y,180.5
2019-05-13,1Y,187
2019-05-10,1Y,159.5
2019-05-09,1Y,151
2019-05-08,1Y,127.5
2019-05-07,1Y,115
2019-05-06,1Y,116.5
2019-04-30,1Y,168.5
2019-04-29,1Y,160
2019-04-26,1Y,176
2019-04-25,1Y,177
2019-04-24,1Y,100
2019-04-23,1Y,182
2019-04-22,1Y,177
2019-04-19,1Y,171.5
2019-04-18,1Y,177.5
2019-04-17,1Y,173.5
2019-04-16,1Y,170
2019-04-15,1Y,168.5
2019-04-12,1Y,157.5
2019-04-11,1Y,162.5
2019-04-10,1Y,157.5
2019-04-09,1Y,160
2019-04-08,1Y,163
2019-04-04,1Y,136
2019-04-03,1Y,143.5
2019-04-02,1Y,134.5
2019-04-01,1Y,157
2019-03-29,1Y,126.75
2019-03-28,1Y,174.5
2019-03-27,1Y,142.5
2019-03-26,1Y,91.5
2019-03-25,1Y,61.5
2019-03-22,1Y,65.5
2019-03-21,1Y,84
2019-03-20,1Y,54.5
2019-03-19,1Y,71
2019-03-18,1Y,66.5
2019-03-15,1Y,36.5
2019-03-14,1Y,9
2019-03-13,1Y,-4
2019-03-12,1Y,-12
2019-03-11,1Y,-14
2019-03-08,1Y,-46.75
2019-03-07,1Y,-46.5
2019-03-06,1Y,-36.5
2019-03-05,1Y,-33.5
2019-03-04,1Y,-35.5
2019-03-01,1Y,-24
2019-02-28,1Y,-15.5
2019-02-27,1Y,-11.5
2019-02-26,1Y,-11.5
2019-02-25,1Y,-29
2019-02-22,1Y,-39.5
2019-02-21,1Y,-17.5
2019-02-20,1Y,-32.5
2019-02-19,1Y,-81.25
2019-02-18,1Y,-73
2019-02-15,1Y,-57
2019-02-14,1Y,-60
2019-02-13,1Y,-55
2019-02-12,1Y,-74.5
2019-02-11,1Y,-68
2019-02-01,1Y,-130
2019-01-31,1Y,-120
2019-01-30,1Y,-49
2019-01-29,1Y,-47
2019-01-28,1Y,-98
2019-01-25,1Y,-88
2019-01-24,1Y,-90
2019-01-23,1Y,-172.5
2019-01-22,1Y,-215
2019-01-21,1Y,-222.5
2019-01-18,1Y,-229
2019-01-17,1Y,-249
2019-01-16,1Y,-266
2019-01-15,1Y,-262
2019-01-14,1Y,-241
2019-01-11,1Y,-235.5
2019-01-10,1Y,-263
2019-01-09,1Y,-285.5
2019-01-08,1Y,-327.5
2019-01-07,1Y,-322.5
2019-01-04,1Y,-267
2019-01-03,1Y,-276.5
2019-01-02,1Y,-294.75
2018-12-28,1Y,-279
2018-12-27,1Y,-276.5
2018-12-26,1Y,-242
2018-12-25,1Y,-215
2018-12-24,1Y,-256.75
2018-12-21,1Y,-237.5
2018-12-20,1Y,-257.5
2018-12-19,1Y,-254
2018-12-18,1Y,-250.5
2018-12-17,1Y,-251.5
2018-12-14,1Y,-257.25
2018-12-13,1Y,-266
2018-12-12,1Y,-276.5
2018-12-11,1Y,-265.5
2018-12-10,1Y,-303.5
2018-12-07,1Y,-314
2018-12-06,1Y,-283
2018-12-05,1Y,-281.5
2018-12-04,1Y,-270.5
2018-12-03,1Y,-251.5
2018-11-30,1Y,-229.5
2018-11-29,1Y,-227.5
2018-11-28,1Y,-238.5
2018-11-27,1Y,-242.22
2018-11-26,1Y,-251.44
2018-11-23,1Y,-268
2018-11-22,1Y,-251
2018-11-21,1Y,-242
2018-11-20,1Y,-233
2018-11-19,1Y,-244
2018-11-16,1Y,-256.75
2018-11-15,1Y,-216.5
2018-11-14,1Y,-200
2018-11-13,1Y,-269
2018-11-12,1Y,-260
2018-11-09,1Y,-292
2018-11-08,1Y,-227
2018-11-07,1Y,-152.5
2018-11-06,1Y,-115
2018-11-05,1Y,-104
2018-11-02,1Y,-67
2018-11-01,1Y,-79.25
2018-10-31,1Y,-80.5
2018-10-30,1Y,-94
2018-10-29,1Y,-91.5
2018-10-26,1Y,-75.5
2018-10-25,1Y,-57.5
2018-10-24,1Y,-53
2018-10-23,1Y,-41.5
2018-10-22,1Y,-33.25
2018-10-19,1Y,-53.5
2018-10-18,1Y,-56
2018-10-17,1Y,-42
2018-10-16,1Y,-32.5
2018-10-15,1Y,-3.5
2018-10-12,1Y,5.25
2018-10-11,1Y,4.5
2018-10-10,1Y,-0.5
2018-10-09,1Y,-17.5
2018-10-08,1Y,-39.5
2018-09-28,1Y,20
2018-09-27,1Y,13.5
2018-09-26,1Y,21
2018-09-25,1Y,24.5
2018-09-21,1Y,29.5
2018-09-20,1Y,50.5
2018-09-19,1Y,42.5
2018-09-18,1Y,42
2018-09-17,1Y,41
2018-09-14,1Y,40
2018-09-13,1Y,15
2018-09-12,1Y,73.5
2018-09-11,1Y,78
2018-09-10,1Y,53.5
2018-09-07,1Y,-1
2018-09-06,1Y,-54
2018-09-05,1Y,-171
2018-09-04,1Y,-174.5
2018-09-03,1Y,-152
2018-08-31,1Y,-177.5
2018-08-30,1Y,-229.5
2018-08-29,1Y,-236
2018-08-28,1Y,-193
2018-08-27,1Y,-173
2018-08-24,1Y,-214.5
2018-08-23,1Y,-262.5
2018-08-22,1Y,-184
2018-08-21,1Y,-168
2018-08-20,1Y,-98
2018-08-17,1Y,-102.5
2018-08-16,1Y,-187.5
2018-08-15,1Y,-259.5
2018-08-14,1Y,-256.5
2018-08-13,1Y,-242.5
2018-08-10,1Y,-255
2018-08-09,1Y,-287.5
2018-08-08,1Y,-371.5
2018-08-07,1Y,-260.5
2018-08-06,1Y,-303
2018-08-03,1Y,-180
2018-08-02,1Y,-84
2018-08-01,1Y,-67.5
2018-07-31,1Y,-47
2018-07-30,1Y,0
2018-07-27,1Y,-100
2018-07-26,1Y,19.5
2018-07-25,1Y,110
2018-07-24,1Y,95.5
2018-07-23,1Y,154
2018-07-20,1Y,174.5
2018-07-19,1Y,165
2018-07-18,1Y,224.5
2018-07-17,1Y,245.5
2018-07-16,1Y,223.5
2018-07-13,1Y,275
2018-07-12,1Y,273
2018-07-11,1Y,236.5
2018-07-10,1Y,284.5
2018-07-09,1Y,231
2018-07-06,1Y,210
2018-07-05,1Y,210.44
2018-07-04,1Y,326.5
2018-07-03,1Y,232.5
2018-07-02,1Y,320.17
2018-06-29,1Y,427
2018-06-28,1Y,506.5
2018-06-27,1Y,562.5
2018-06-26,1Y,531
2018-06-25,1Y,570.5
2018-06-22,1Y,607.5
2018-06-21,1Y,675.5
2018-06-20,1Y,702.5
2018-06-19,1Y,733
2018-06-15,1Y,712
2018-06-14,1Y,698.5
2018-06-13,1Y,717.5
2018-06-12,1Y,705.5
2018-06-11,1Y,750
2018-06-08,1Y,771
2018-06-07,1Y,758
2018-06-06,1Y,758
2018-06-05,1Y,742.5
2018-06-04,1Y,751
2018-06-01,1Y,745
2018-05-31,1Y,724.5
2018-05-30,1Y,742.5
2018-05-29,1Y,736.5
2018-05-28,1Y,728.5
2018-05-25,1Y,701.5
2018-05-24,1Y,715
2018-05-23,1Y,724.5
2018-05-22,1Y,703.5
2018-05-21,1Y,686.5
2018-05-18,1Y,684.25
2018-05-17,1Y,667.5
2018-05-16,1Y,712.5
2018-05-15,1Y,722.5
2018-05-14,1Y,702
2018-05-11,1Y,679.5
2018-05-10,1Y,682.5
2018-05-09,1Y,689.5
2018-05-08,1Y,658
2018-05-07,1Y,659
2018-05-04,1Y,632.5
2018-05-03,1Y,619
2018-05-02,1Y,646.5
2018-04-27,1Y,708.25
2018-04-26,1Y,725
2018-04-25,1Y,685.5
2018-04-24,1Y,640
2018-04-23,1Y,635
2018-04-20,1Y,595
2018-04-19,1Y,605
2018-04-18,1Y,593.5
2018-04-17,1Y,685
2018-04-16,1Y,663
2018-04-13,1Y,652.5
2018-04-12,1Y,645.5
2018-04-11,1Y,565.5
2018-04-10,1Y,580.5
2018-04-09,1Y,536.5
2018-04-04,1Y,588
2018-04-03,1Y,633.5
2018-04-02,1Y,633.5
2018-03-30,1Y,690
2018-03-29,1Y,737.5
2018-03-28,1Y,787
2018-03-27,1Y,820
2018-03-26,1Y,790
2018-03-23,1Y,835
2018-03-22,1Y,881.5
2018-03-21,1Y,971
2018-03-20,1Y,987.5
2018-03-19,1Y,1013
2018-03-16,1Y,977.5
2018-03-15,1Y,1001
2018-03-14,1Y,1023.5
2018-03-13,1Y,1039
2018-03-12,1Y,1036.5
2018-03-09,1Y,1022
2018-03-08,1Y,1002.5
2018-03-07,1Y,1025.5
2018-03-06,1Y,1019
2018-03-05,1Y,1045
2018-03-02,1Y,1041.5
2018-03-01,1Y,1046.5
2018-02-28,1Y,1047
2018-02-27,1Y,1027.5
2018-02-26,1Y,1034.5
2018-02-23,1Y,1042.5
2018-02-22,1Y,1085
2018-02-14,1Y,1125
2018-02-13,1Y,1125.5
2018-02-12,1Y,1143.5
2018-02-09,1Y,1140
2018-02-08,1Y,1159.5
2018-02-07,1Y,1129
2018-02-06,1Y,1143.5
2018-02-05,1Y,1132.5
2018-02-02,1Y,1120.5
2018-02-01,1Y,1105
2018-01-31,1Y,1140
2018-01-30,1Y,1146
2018-01-29,1Y,1173.5
2018-01-26,1Y,1142
2018-01-25,1Y,1072.5
2018-01-24,1Y,1044.5
2018-01-23,1Y,1032.5
2018-01-22,1Y,1007.5
2018-01-19,1Y,987.5
2018-01-18,1Y,1013.75
2018-01-17,1Y,1020
2018-01-16,1Y,1011.5
2018-01-15,1Y,997.5
2018-01-12,1Y,1015
2018-01-11,1Y,1023.5
2018-01-10,1Y,1056.5
2018-01-09,1Y,1043.5
2018-01-08,1Y,1016
2018-01-05,1Y,983
2018-01-04,1Y,999.5
2018-01-03,1Y,982
2018-01-02,1Y,998
2017-12-29,1Y,1005
2017-12-28,1Y,964.5
2017-12-27,1Y,1053.5
2017-12-26,1Y,1023.5
2017-12-25,1Y,1009
2017-12-22,1Y,1027
2017-12-21,1Y,1049.5
2017-12-20,1Y,1034.5
2017-12-19,1Y,1042.5
2017-12-18,1Y,1062
2017-12-15,1Y,1067.5
2017-12-14,1Y,1072
2017-12-13,1Y,1101
2017-12-12,1Y,1108.5
2017-12-11,1Y,1074
2017-12-08,1Y,1066.5
2017-12-07,1Y,1071
2017-12-06,1Y,1095
2017-12-05,1Y,1083.5
2017-12-04,1Y,1049
2017-12-01,1Y,1033
2017-11-30,1Y,1040.5
2017-11-29,1Y,1044.25
2017-11-28,1Y,1049.25
2017-11-27,1Y,1037
2017-11-24,1Y,1026
2017-11-23,1Y,1028.5
2017-11-22,1Y,1057
2017-11-21,1Y,1032.5
2017-11-20,1Y,990.5
2017-11-17,1Y,978
2017-11-16,1Y,974
2017-11-15,1Y,978.5
2017-11-14,1Y,976
2017-11-13,1Y,967.5
2017-11-10,1Y,963.5
2017-11-09,1Y,960
2017-11-08,1Y,956.5
2017-11-07,1Y,964
2017-11-06,1Y,942.5
2017-11-03,1Y,971.5
2017-11-02,1Y,960
2017-11-01,1Y,959.5
2017-10-31,1Y,975
2017-10-30,1Y,983.5
2017-10-27,1Y,965.5
2017-10-26,1Y,971
2017-10-25,1Y,967
2017-10-24,1Y,942
2017-10-23,1Y,957.5
2017-10-20,1Y,985.5
2017-10-19,1Y,975.5
2017-10-18,1Y,970.34
2017-10-17,1Y,1005.5
2017-10-16,1Y,981.5
2017-10-13,1Y,972.5
2017-10-12,1Y,965
2017-10-11,1Y,970
2017-10-10,1Y,957.5
2017-10-09,1Y,1046
2017-09-29,1Y,1007.5
2017-09-28,1Y,1050
2017-09-27,1Y,1074.5
2017-09-26,1Y,1027.5
2017-09-25,1Y,1044
2017-09-22,1Y,1017.5
2017-09-21,1Y,1009
2017-09-20,1Y,964
2017-09-19,1Y,967.5
2017-09-18,1Y,903.5
2017-09-15,1Y,917.5
2017-09-14,1Y,950
2017-09-13,1Y,872.5
2017-09-12,1Y,804.5
2017-09-11,1Y,835
2017-09-08,1Y,789.5
2017-09-07,1Y,858.5
2017-09-06,1Y,908.5
2017-09-05,1Y,875
2017-09-04,1Y,902.5
2017-09-01,1Y,922
2017-08-31,1Y,965
2017-08-30,1Y,910
2017-08-29,1Y,913
2017-08-28,1Y,948.33
2017-08-25,1Y,972.5
2017-08-24,1Y,1020
2017-08-23,1Y,1065.5
2017-08-22,1Y,1062.5
2017-08-21,1Y,1054
2017-08-18,1Y,1074.5
2017-08-17,1Y,1137.75
2017-08-16,1Y,1105
2017-08-15,1Y,1105
2017-08-14,1Y,1156
2017-08-11,1Y,1135
2017-08-10,1Y,1064.5
2017-08-09,1Y,1000
2017-08-08,1Y,1047.5
2017-08-07,1Y,1027.5
2017-08-04,1Y,1014
2017-08-03,1Y,1040
2017-08-02,1Y,975
2017-08-01,1Y,955.5
2017-07-31,1Y,927.5
2017-07-28,1Y,881
2017-07-27,1Y,870.5
2017-07-26,1Y,902.5
2017-07-25,1Y,882.5
2017-07-24,1Y,912.5
2017-07-21,1Y,884
2017-07-20,1Y,855
2017-07-19,1Y,770.83
2017-07-18,1Y,822.5
2017-07-17,1Y,884
2017-07-14,1Y,940.5
2017-07-13,1Y,941.5
2017-07-12,1Y,982.5
2017-07-11,1Y,1025
2017-07-10,1Y,1023.5
2017-07-07,1Y,1001.5
2017-07-06,1Y,975
2017-07-05,1Y,1013.55
2017-07-04,1Y,1095.5
2017-07-03,1Y,1150
2017-06-30,1Y,1143
2017-06-29,1Y,1179
2017-06-28,1Y,1182
2017-06-27,1Y,1180
2017-06-26,1Y,1182
2017-06-23,1Y,1222.5
2017-06-22,1Y,1224
2017-06-21,1Y,1252
2017-06-20,1Y,1215
2017-06-19,1Y,1220
2017-06-16,1Y,1267.5
2017-06-15,1Y,1267.5
2017-06-14,1Y,1267
2017-06-13,1Y,1237.5
2017-06-12,1Y,1261.5
2017-06-09,1Y,1275.5
2017-06-08,1Y,1245
2017-06-07,1Y,1174
2017-06-06,1Y,1096
2017-06-05,1Y,1138.5
2017-06-02,1Y,1179
2017-06-01,1Y,1066
2017-05-31,1Y,994
2017-05-26,1Y,1132.5
2017-05-25,1Y,1187.5
2017-05-24,1Y,1237.5
2017-05-23,1Y,1233
2017-05-22,1Y,1241.5
2017-05-19,1Y,1255.5
2017-05-18,1Y,1243
2017-05-17,1Y,1254
2017-05-16,1Y,1256
2017-05-15,1Y,1230.5
2017-05-12,1Y,1244
2017-05-11,1Y,1267.25
2017-05-10,1Y,1287.5
2017-05-09,1Y,1267.5
2017-05-08,1Y,1235
2017-05-05,1Y,1237
2017-05-04,1Y,1275
2017-05-03,1Y,1307.5
2017-05-02,1Y,1260
2017-04-28,1Y,1224
2017-04-27,1Y,1223.5
2017-04-26,1Y,1246
2017-04-25,1Y,1221.5
2017-04-24,1Y,1214
2017-04-21,1Y,1196
2017-04-20,1Y,1217.5
2017-04-19,1Y,1206.5
2017-04-18,1Y,1168.5
2017-04-17,1Y,1175
2017-04-14,1Y,1179
2017-04-13,1Y,1182.5
2017-04-12,1Y,1184.5
2017-04-11,1Y,1186
2017-04-10,1Y,1157.5
2017-04-07,1Y,1145
2017-04-06,1Y,1165.25
2017-04-05,1Y,1165
2017-03-31,1Y,1166.5
2017-03-30,1Y,1212.5
2017-03-29,1Y,1239.5
2017-03-28,1Y,1246.5
2017-03-27,1Y,1236
2017-03-24,1Y,1246
2017-03-23,1Y,1272.5
2017-03-22,1Y,1309
2017-03-21,1Y,1338.5
2017-03-20,1Y,1285.5
2017-03-17,1Y,1268
2017-03-16,1Y,1246.5
2017-03-15,1Y,1192.5
2017-03-14,1Y,1229.5
2017-03-13,1Y,1277.5
2017-03-10,1Y,1335
2017-03-09,1Y,1332.5
2017-03-08,1Y,1336.5
2017-03-07,1Y,1326.5
2017-03-06,1Y,1315
2017-03-03,1Y,1277.5
2017-03-02,1Y,1322.5
2017-03-01,1Y,1362.5
2017-02-28,1Y,1392.5
2017-02-27,1Y,1370
2017-02-24,1Y,1388.5
2017-02-23,1Y,1335.5
2017-02-22,1Y,1294
2017-02-21,1Y,1253.5
2017-02-20,1Y,1260
2017-02-17,1Y,1277.5
2017-02-16,1Y,1291.5
2017-02-15,1Y,1300
2017-02-14,1Y,1235
2017-02-13,1Y,1245
2017-02-10,1Y,1248
2017-02-09,1Y,1247.5
2017-02-08,1Y,1174
2017-02-07,1Y,1191.5
2017-02-06,1Y,1120
2017-02-03,1Y,1130
2017-01-26,1Y,1232.5
2017-01-25,1Y,1260
2017-01-24,1Y,1195
2017-01-23,1Y,1092.5
2017-01-20,1Y,920
2017-01-19,1Y,935
2017-01-18,1Y,1007.5
2017-01-17,1Y,862.5
2017-01-16,1Y,804
2017-01-13,1Y,760
2017-01-12,1Y,720
2017-01-11,1Y,677.5
2017-01-10,1Y,760
2017-01-09,1Y,870
2017-01-06,1Y,837.5
2017-01-05,1Y,672.5
2017-01-04,1Y,707.5
2017-01-03,1Y,636.5
2016-12-09,1Y,485
2016-12-08,1Y,496
2016-12-07,1Y,473.5
2016-12-06,1Y,486.5
2016-12-05,1Y,482.5
2016-12-02,1Y,518
2016-12-01,1Y,566
2016-11-30,1Y,570.5
2016-11-29,1Y,590
2016-11-28,1Y,586.5
2016-11-25,1Y,577.5
2016-11-24,1Y,612.5
2016-11-23,1Y,582.5
2016-11-22,1Y,581.5
2016-11-21,1Y,562
2016-11-18,1Y,560
2016-11-17,1Y,570
2016-11-16,1Y,557.5
2016-11-15,1Y,540
2016-11-14,1Y,519
2016-11-11,1Y,497
2016-11-10,1Y,482.5
2016-11-09,1Y,497.5
2016-11-08,1Y,465.5
2016-11-07,1Y,489.5
2016-11-04,1Y,519.5
2016-11-03,1Y,539.5
2016-11-02,1Y,559
2016-11-01,1Y,565.5
2016-10-31,1Y,539
2016-10-28,1Y,525
2016-10-27,1Y,554
2016-10-26,1Y,588.5
2016-10-25,1Y,574
2016-10-24,1Y,580
2016-10-21,1Y,606
2016-10-20,1Y,606.5
2016-10-19,1Y,618
2016-10-18,1Y,630
2016-10-17,1Y,627.5
2016-10-14,1Y,627.5
2016-10-13,1Y,628.5
2016-10-12,1Y,639.5
2016-10-11,1Y,616.5
2016-10-10,1Y,600.5
2016-09-30,1Y,603.5
2016-09-29,1Y,606.25
2016-09-28,1Y,626.5
2016-09-27,1Y,709.5
2016-09-26,1Y,723
2016-09-23,1Y,705
2016-09-22,1Y,725.5
2016-09-21,1Y,755
2016-09-20,1Y,735
2016-09-19,1Y,714
2016-09-14,1Y,707.5
2016-09-13,1Y,719.5
2016-09-12,1Y,762.5
2016-09-09,1Y,732.5
2016-09-08,1Y,712.5
2016-09-07,1Y,715.5
2016-09-06,1Y,805
2016-09-05,1Y,870
2016-09-02,1Y,847
2016-09-01,1Y,775
2016-08-31,1Y,788
2016-08-30,1Y,825
2016-08-29,1Y,833.5
2016-08-26,1Y,797
2016-08-25,1Y,782
2016-08-24,1Y,795
2016-08-23,1Y,755
2016-08-22,1Y,690
2016-08-19,1Y,650.5
2016-08-18,1Y,660.75
2016-08-17,1Y,661
2016-08-16,1Y,661
2016-08-15,1Y,624
2016-08-12,1Y,660
2016-08-11,1Y,734
2016-08-10,1Y,693.5
2016-08-09,1Y,662.5
2016-08-08,1Y,676.5
2016-08-05,1Y,687.5
2016-08-04,1Y,654.5
2016-08-03,1Y,645
2016-08-02,1Y,656.5
2016-08-01,1Y,651
2016-07-29,1Y,635.5
2016-07-28,1Y,590
2016-07-27,1Y,550
2016-07-26,1Y,577
2016-07-25,1Y,590.5
2016-07-22,1Y,599
2016-07-21,1Y,596.5
2016-07-20,1Y,573.5
2016-07-19,1Y,561.5
2016-07-18,1Y,578
2016-07-15,1Y,598.5
2016-07-14,1Y,616
2016-07-13,1Y,629.5
2016-07-12,1Y,644
2016-07-11,1Y,589
2016-07-08,1Y,612.5
2016-07-07,1Y,648
2016-07-06,1Y,680
2016-07-05,1Y,655
2016-07-04,1Y,660
2016-07-01,1Y,692.5
2016-06-30,1Y,780
2016-06-29,1Y,770
2016-06-28,1Y,744
2016-06-27,1Y,812.5
2016-06-24,1Y,870
2016-06-23,1Y,897
2016-06-22,1Y,894.5
2016-06-21,1Y,867
2016-06-20,1Y,855
2016-06-17,1Y,876.5
2016-06-16,1Y,962.5
2016-06-15,1Y,837.5
2016-06-14,1Y,790
2016-06-13,1Y,709.5
2016-06-08,1Y,686
2016-06-07,1Y,734
2016-06-06,1Y,691.5
2016-06-03,1Y,664
2016-06-02,1Y,645.5
2016-06-01,1Y,698
2016-05-31,1Y,674
2016-05-30,1Y,637.5
2016-05-27,1Y,657
2016-05-26,1Y,677.5
2016-05-25,1Y,654
2016-05-24,1Y,537.5
2016-05-23,1Y,590
2016-05-20,1Y,643.5
2016-05-19,1Y,672.5
2016-05-18,1Y,747.5
2016-05-17,1Y,787.5
2016-05-16,1Y,794
2016-05-13,1Y,811
2016-05-12,1Y,767
2016-05-11,1Y,796.5
2016-05-10,1Y,794
2016-05-09,1Y,770.5
2016-05-06,1Y,747.5
2016-05-05,1Y,726
2016-05-04,1Y,675
2016-05-03,1Y,670.5
2016-04-29,1Y,705
2016-04-28,1Y,725
2016-04-27,1Y,743.5
2016-04-26,1Y,771
2016-04-25,1Y,785
2016-04-22,1Y,787.5
2016-04-21,1Y,817.5
2016-04-20,1Y,805
2016-04-19,1Y,759.5
2016-04-18,1Y,781.5
2016-04-15,1Y,804.5
2016-04-14,1Y,865.5
2016-04-13,1Y,820.5
2016-04-12,1Y,772
2016-04-11,1Y,776
2016-04-08,1Y,721.5
2016-04-07,1Y,748
2016-04-06,1Y,705
2016-04-05,1Y,638.5
2016-04-01,1Y,628
2016-03-31,1Y,651.5
2016-03-30,1Y,612
2016-03-29,1Y,665.5
2016-03-28,1Y,692.5
2016-03-25,1Y,722.5
2016-03-24,1Y,755
2016-03-23,1Y,822.5
2016-03-22,1Y,777.5
2016-03-21,1Y,612
2016-03-18,1Y,526.5
2016-03-17,1Y,532
2016-03-16,1Y,555
2016-03-15,1Y,582.5
2016-03-14,1Y,532
2016-03-11,1Y,647
2016-03-10,1Y,682
2016-03-09,1Y,685
2016-03-08,1Y,678
2016-03-07,1Y,665.25
2016-03-04,1Y,686
2016-03-03,1Y,705.5
2016-03-02,1Y,722.5
2016-03-01,1Y,720
2016-02-29,1Y,706.5
2016-02-26,1Y,696.5
2016-02-25,1Y,817.5
2016-02-24,1Y,875
2016-02-23,1Y,867.5
2016-02-22,1Y,854
2016-02-19,1Y,865
2016-02-18,1Y,870
2016-02-17,1Y,853
2016-02-16,1Y,851.5
2016-02-15,1Y,902
2016-02-05,1Y,958
2016-02-04,1Y,965
2016-02-03,1Y,956
2016-02-02,1Y,970
2016-02-01,1Y,1007.5
2016-01-29,1Y,1022.5
2016-01-28,1Y,990
2016-01-27,1Y,1023
2016-01-26,1Y,1060
2016-01-25,1Y,1097.5
2016-01-22,1Y,1135
2016-01-21,1Y,1168.5
2016-01-20,1Y,1163
2016-01-19,1Y,1141
2016-01-18,1Y,1100
2016-01-15,1Y,1107.5
2016-01-14,1Y,1127.5
2016-01-13,1Y,1180
2016-01-12,1Y,1207.5
2016-01-11,1Y,1200
2016-01-08,1Y,1211
2016-01-07,1Y,1282.5
2016-01-06,1Y,1256
2016-01-05,1Y,1220
2016-01-04,1Y,1249
2015-12-31,1Y,1165
2015-12-30,1Y,1146
2015-12-29,1Y,1107.5
2015-12-28,1Y,1126
2015-12-25,1Y,1130
2015-12-24,1Y,1117.5
2015-12-23,1Y,1113.5
2015-12-22,1Y,1127.5
2015-12-21,1Y,1113
2015-12-18,1Y,1107
2015-12-17,1Y,1105
2015-12-16,1Y,1060
2015-12-15,1Y,1062.5
2015-12-14,1Y,1100
2015-12-11,1Y,1072.5
2015-12-10,1Y,1055
2015-12-09,1Y,1152
2015-12-08,1Y,1167.5
2015-12-07,1Y,1139
2015-12-04,1Y,1090
2015-12-03,1Y,1086
2015-12-02,1Y,1122.5
2015-12-01,1Y,1139.5
2015-11-30,1Y,1134
